{
    "name": "root",
    "gauges": {
        "MLHunter1.Policy.Entropy.mean": {
            "value": 0.3182840943336487,
            "min": 0.3182840943336487,
            "max": 2.1845767498016357,
            "count": 6
        },
        "MLHunter1.Policy.Entropy.sum": {
            "value": 3806.677734375,
            "min": 3806.677734375,
            "max": 30365.6171875,
            "count": 6
        },
        "MLHunter1.Environment.EpisodeLength.mean": {
            "value": 11.642781875658589,
            "min": 11.642781875658589,
            "max": 294.219512195122,
            "count": 6
        },
        "MLHunter1.Environment.EpisodeLength.sum": {
            "value": 11049.0,
            "min": 11049.0,
            "max": 12063.0,
            "count": 6
        },
        "MLHunter1.Step.mean": {
            "value": 71983.0,
            "min": 11628.0,
            "max": 71983.0,
            "count": 6
        },
        "MLHunter1.Step.sum": {
            "value": 71983.0,
            "min": 11628.0,
            "max": 71983.0,
            "count": 6
        },
        "MLHunter1.Policy.ExtrinsicValueEstimate.mean": {
            "value": 0.4196939766407013,
            "min": 0.05530841276049614,
            "max": 0.4196939766407013,
            "count": 6
        },
        "MLHunter1.Policy.ExtrinsicValueEstimate.sum": {
            "value": 398.2895812988281,
            "min": 2.7829041481018066,
            "max": 398.2895812988281,
            "count": 6
        },
        "MLHunter1.Environment.CumulativeReward.mean": {
            "value": 1.0027321447570219,
            "min": 0.7902800422161818,
            "max": 1.0027321447570219,
            "count": 6
        },
        "MLHunter1.Environment.CumulativeReward.sum": {
            "value": 951.5928053744137,
            "min": 31.61120168864727,
            "max": 951.5928053744137,
            "count": 6
        },
        "MLHunter1.Policy.ExtrinsicReward.mean": {
            "value": 1.0027321447570219,
            "min": 0.7902800422161818,
            "max": 1.0027321447570219,
            "count": 6
        },
        "MLHunter1.Policy.ExtrinsicReward.sum": {
            "value": 951.5928053744137,
            "min": 31.61120168864727,
            "max": 951.5928053744137,
            "count": 6
        },
        "MLHunter1.Losses.PolicyLoss.mean": {
            "value": 0.0738001810795039,
            "min": 0.07156772683103756,
            "max": 0.08645145240775996,
            "count": 6
        },
        "MLHunter1.Losses.PolicyLoss.sum": {
            "value": 0.4428010864770234,
            "min": 0.2976205441584431,
            "max": 0.5187087144465597,
            "count": 6
        },
        "MLHunter1.Losses.ValueLoss.mean": {
            "value": 0.016935056942747908,
            "min": 0.014671284976224885,
            "max": 0.05331503308588777,
            "count": 6
        },
        "MLHunter1.Losses.ValueLoss.sum": {
            "value": 0.10161034165648744,
            "min": 0.08802770985734931,
            "max": 0.21326013234355107,
            "count": 6
        },
        "MLHunter1.Policy.LearningRate.mean": {
            "value": 0.00026025211324929995,
            "min": 0.00026025211324929995,
            "max": 0.0002963343012219,
            "count": 6
        },
        "MLHunter1.Policy.LearningRate.sum": {
            "value": 0.0015615126794957998,
            "min": 0.0011853372048876,
            "max": 0.0017368494210502003,
            "count": 6
        },
        "MLHunter1.Policy.Epsilon.mean": {
            "value": 0.18675070000000002,
            "min": 0.18675070000000002,
            "max": 0.19877810000000007,
            "count": 6
        },
        "MLHunter1.Policy.Epsilon.sum": {
            "value": 1.1205042,
            "min": 0.7951124000000003,
            "max": 1.1789498,
            "count": 6
        },
        "MLHunter1.Policy.Beta.mean": {
            "value": 0.0008688319300000002,
            "min": 0.0008688319300000002,
            "max": 0.00098790319,
            "count": 6
        },
        "MLHunter1.Policy.Beta.sum": {
            "value": 0.005212991580000001,
            "min": 0.00395161276,
            "max": 0.005791603019999999,
            "count": 6
        },
        "MLHunter1.IsTraining.mean": {
            "value": 1.0,
            "min": 1.0,
            "max": 1.0,
            "count": 6
        },
        "MLHunter1.IsTraining.sum": {
            "value": 1.0,
            "min": 1.0,
            "max": 1.0,
            "count": 6
        }
    },
    "metadata": {
        "timer_format_version": "0.1.0",
        "start_time_seconds": "1647849444",
        "python_version": "3.7.11 (default, Jul 27 2021, 07:03:16) \n[Clang 10.0.0 ]",
        "command_line_arguments": "/Users/smilejsu/opt/anaconda3/envs/unity/bin/mlagents-learn ./MLHunter1.yaml --run-id=MLHunter1_01 --force --num-areas 10",
        "mlagents_version": "0.29.0.dev0",
        "mlagents_envs_version": "0.29.0.dev0",
        "communication_protocol_version": "1.5.0",
        "pytorch_version": "1.8.1",
        "numpy_version": "1.21.2",
        "end_time_seconds": "1647849591"
    },
    "total": 147.32299420200002,
    "count": 1,
    "self": 0.0072036260000345465,
    "children": {
        "run_training.setup": {
            "total": 0.01413785600000006,
            "count": 1,
            "self": 0.01413785600000006
        },
        "TrainerController.start_learning": {
            "total": 147.30165272,
            "count": 1,
            "self": 0.3497210439990397,
            "children": {
                "TrainerController._reset_env": {
                    "total": 8.037455304,
                    "count": 1,
                    "self": 8.037455304
                },
                "TrainerController.advance": {
                    "total": 138.73949948700096,
                    "count": 10967,
                    "self": 0.3709375020001744,
                    "children": {
                        "env_step": {
                            "total": 104.98060309200072,
                            "count": 10967,
                            "self": 92.70035302400092,
                            "children": {
                                "SubprocessEnvManager._take_step": {
                                    "total": 12.087058480999906,
                                    "count": 10967,
                                    "self": 0.757794320999281,
                                    "children": {
                                        "TorchPolicy.evaluate": {
                                            "total": 11.329264160000625,
                                            "count": 8096,
                                            "self": 2.716351840000856,
                                            "children": {
                                                "TorchPolicy.sample_actions": {
                                                    "total": 8.612912319999769,
                                                    "count": 8096,
                                                    "self": 8.612912319999769
                                                }
                                            }
                                        }
                                    }
                                },
                                "workers": {
                                    "total": 0.19319158699989813,
                                    "count": 10967,
                                    "self": 0.0,
                                    "children": {
                                        "worker_root": {
                                            "total": 146.5824869490001,
                                            "count": 10967,
                                            "is_parallel": true,