{"count":1,"self":291.7354752,"total":296.94314399999996,"children":{"InitializeActuators":{"count":1,"self":0.0018759999999999998,"total":0.0018759999999999998,"children":null},"InitializeSensors":{"count":1,"self":0.0025859999999999998,"total":0.0025859999999999998,"children":null},"AgentSendState":{"count":14575,"self":0.27602899999999997,"total":0.32368399999999997,"children":{"CollectObservations":{"count":2915,"self":0.01328,"total":0.01328,"children":null},"WriteActionMask":{"count":2915,"self":0.0053679999999999995,"total":0.0053679999999999995,"children":null},"RequestDecision":{"count":2915,"self":0.029006999999999998,"total":0.029006999999999998,"children":null}}},"DecideAction":{"count":14575,"self":4.5053512,"total":4.5374409999999994,"children":{"RayPerceptionSensor.Perceive":{"count":2915,"self":0.03209,"total":0.03209,"children":null}}},"AgentAct":{"count":14575,"self":0.33944399999999997,"total":0.33944399999999997,"children":null}},"gauges":{"MLHunter1.CumulativeReward":{"count":299,"max":2.00800133,"min":-0.9998,"runningAverage":0.9194249,"value":0.0173977017,"weightedAverage":0.7017462}},"metadata":{"timer_format_version":"0.1.0","start_time_seconds":"1647868075","unity_version":"2020.3.21f1","command_line_arguments":"\/Applications\/Unity\/Hub\/Editor\/2020.3.21f1\/Unity.app\/Contents\/MacOS\/Unity -projectpath \/Users\/smilejsu\/Workspace\/Unity\/git-ml-zombie-hunter -useHub -hubIPC -cloudEnvironment production -licensingIpc LicenseClient-smilejsu -hubSessionId fb29ad10-a8cc-11ec-b0f9-655800dba3f0 -accessToken 7pISSAQpqC7YmDqiD5IK1qFIy3-ECPBn9QNo_E30Vps00df","communication_protocol_version":"1.5.0","com.unity.ml-agents_version":"2.2.1-exp.1","scene_name":"Exam05_01","end_time_seconds":"1647868372"}}